name,website
The Setai Miami Beach,https://www.thesetaihotel.com
Fontainebleau Miami Beach,https://www.fontainebleau.com
The Biltmore Hotel,https://www.biltmorehotel.com
Faena Hotel Miami Beach,https://www.faena.com/miami-beach
EAST Miami,https://www.easthotels.com/en/miami
The Goodtime Hotel,https://www.thegoodtimehotel.com
Kimpton EPIC Hotel,https://www.epichotel.com
W South Beach,https://www.marriott.com/hotels/travel/miawb-w-south-beach
The Plymouth Hotel,https://www.theplymouthmiami.com
The Palms Hotel & Spa,https://www.thepalmshotel.com
Acqualina Resort,https://www.acqualinaresort.com
The Confidante Miami Beach,https://www.theconfidantehotel.com
The Ritz-Carlton South Beach,https://www.ritzcarlton.com/en/hotels/miami/south-beach
Nobu Hotel Miami Beach,https://www.nobuhotels.com/miami-beach
The Standard Spa Miami Beach,https://www.standardhotels.com/miami/properties/miami-beach
Casa Faena Miami Beach,https://www.faena.com/casa-faena
The Betsy South Beach,https://www.thebetsyhotel.com
Nautilus by Arlo,https://www.arlohotels.com/nautilus-sonesta-miami-beach
The Gabriel Miami South Beach,https://www.thegabrielmiami.com
Life House Little Havana,https://www.lifehousehotels.com/little-havana
1 Hotel South Beach,https://www.1hotels.com/south-beach
Cadillac Hotel & Beach Club,https://www.cadillachotelmiamibeach.com
SLS South Beach,https://www.slshotels.com/southbeach
Freehand Miami,https://freehandhotels.com/miami
